-- phpMyAdmin SQL Dump
-- version 4.6.6deb5
-- https://www.phpmyadmin.net/
--
-- Хост: localhost:3306
-- Время создания: Июн 03 2019 г., 12:13
-- Версия сервера: 5.7.26-0ubuntu0.18.04.1
-- Версия PHP: 7.0.33-7+ubuntu18.04.1+deb.sury.org+1

SET SQL_MODE = "NO_AUTO_VALUE_ON_ZERO";
SET time_zone = "+00:00";


/*!40101 SET @OLD_CHARACTER_SET_CLIENT=@@CHARACTER_SET_CLIENT */;
/*!40101 SET @OLD_CHARACTER_SET_RESULTS=@@CHARACTER_SET_RESULTS */;
/*!40101 SET @OLD_COLLATION_CONNECTION=@@COLLATION_CONNECTION */;
/*!40101 SET NAMES utf8mb4 */;

--
-- База данных: `lightshop`
--

-- --------------------------------------------------------

--
-- Структура таблицы `cart`
--

CREATE TABLE `cart` (
  `id` int(11) NOT NULL,
  `order_number` varchar(255) NOT NULL,
  `product_id` int(10) NOT NULL,
  `count` int(10) NOT NULL,
  `created_at` int(255) NOT NULL,
  `updated_at` int(255) NOT NULL
) ENGINE=InnoDB DEFAULT CHARSET=utf8;

--
-- Дамп данных таблицы `cart`
--

INSERT INTO `cart` (`id`, `order_number`, `product_id`, `count`, `created_at`, `updated_at`) VALUES
(2, '155923780012', 8, 3, 1559237800, 1559237800),
(3, '155923780012', 2, 2, 1559237800, 1559237800),
(4, '155923803113', 5, 10, 1559238031, 1559238031),
(5, '155929467314', 2, 1, 1559294673, 1559294673),
(6, '155929592315', 5, 1, 1559295923, 1559295923),
(7, '155929907316', 7, 1, 1559299073, 1559299073),
(8, '155930955517', 2, 5, 1559309555, 1559309555),
(9, '155932771018', 3, 1, 1559327710, 1559327710),
(10, '155933309648', 9, 2, 1559333096, 1559333096),
(11, '155933313149', 9, 2, 1559333131, 1559333131),
(12, '155941038450', 2, 1, 1559410384, 1559410384),
(13, '155949641051', 5, 1, 1559496410, 1559496410),
(14, '155949681652', 2, 1, 1559496816, 1559496816),
(15, '155954094353', 5, 1, 1559540943, 1559540943),
(16, '155954120154', 2, 1, 1559541201, 1559541201),
(17, '155954182657', 5, 1, 1559541826, 1559541826);

-- --------------------------------------------------------

--
-- Структура таблицы `category`
--

CREATE TABLE `category` (
  `id` int(10) NOT NULL,
  `parent_id` int(10) DEFAULT NULL,
  `name` varchar(255) NOT NULL,
  `alias` varchar(255) DEFAULT NULL,
  `created_at` int(255) NOT NULL,
  `updated_at` int(255) NOT NULL
) ENGINE=InnoDB DEFAULT CHARSET=utf8;

--
-- Дамп данных таблицы `category`
--

INSERT INTO `category` (`id`, `parent_id`, `name`, `alias`, `created_at`, `updated_at`) VALUES
(1, NULL, 'Лампы', 'lamp', 1556718616, 1559335975),
(2, NULL, 'Фонарики', 'flashlight', 1556718616, 1556718854),
(3, NULL, 'Прожекторы', 'projectors', 1556718616, 1558343146),
(4, NULL, 'Люстры', 'lustry', 1556718616, 1558343150),
(5, NULL, 'Светильники', 'svet', 1558295254, 1558295254),
(6, NULL, 'Светодиоды', 'diods', 1558295343, 1558295343),
(7, NULL, 'test', 'test', 1558296163, 1558296163),
(8, NULL, 'Диоды', 'diod', 1559335992, 1559476947);

-- --------------------------------------------------------

--
-- Структура таблицы `order`
--

CREATE TABLE `order` (
  `id` int(10) NOT NULL,
  `email` varchar(150) NOT NULL,
  `phone` varchar(255) NOT NULL,
  `first_name` varchar(255) NOT NULL,
  `last_name` varchar(255) NOT NULL,
  `address` varchar(255) NOT NULL,
  `delivery` varchar(255) NOT NULL,
  `sum` int(255) NOT NULL,
  `order_number` varchar(255) DEFAULT NULL,
  `created_at` int(255) NOT NULL,
  `updated_at` int(255) NOT NULL
) ENGINE=InnoDB DEFAULT CHARSET=utf8;

--
-- Дамп данных таблицы `order`
--

INSERT INTO `order` (`id`, `email`, `phone`, `first_name`, `last_name`, `address`, `delivery`, `sum`, `order_number`, `created_at`, `updated_at`) VALUES
(12, 'Yroslav005@gmail.com', '0505050005', 'Ярослав', 'Клемешев', 'Днепр, ул. Гоголя, дом. 15, кв. 210', '', 0, '155923780012', 1559237800, 1559237800),
(13, 'Yroslav005@gmail.com', '050505', 'Ярослав', 'Клемешев', 'Днепр, ул. Гоголя, дом. 15, кв. 210', '', 200, '155923803113', 1559238031, 1559238031),
(14, 'Yroslav005@gmail.com', '050505', 'Ярослав', 'Клемешев', 'Днепр, ул. Гоголя, дом. 15, кв. 210', '', 15, '155929491714', 1559294673, 1559294917),
(15, 'Yroslav005@gmail.com', '050505', 'Ярослав', 'Клемешев', 'Днепр, ул. Гоголя, дом. 15, кв. 210', '', 20, '155929598215', 1559295923, 1559295982),
(16, 'Yroslav005@gmail.com', '050505', 'Ярослав', 'Клемешев', 'Днепр, ул. Гоголя, дом. 15, кв. 210', '', 7, '155929907316', 1559299073, 1559299073),
(17, 'Yroslav005@gmail.com', '050505', 'Ярослав', 'Клемешев', 'Днепр, ул. Гоголя, дом. 15, кв. 210', '', 75, '155930955517', 1559309555, 1559309555),
(18, 'Yroslav005@gmail.com', '0505055500', 'Ярослав', 'Клемешев', 'Днепр, ул. Гоголя, дом. 15, кв. 210', '', 45, '155932771018', 1559327710, 1559327710),
(19, 'Yroslav005@gmail.com', '0505055500', 'Ярослав', 'Клемешев', 'Днепр, ул. Гоголя, дом. 15, кв. 210', '', 140, '155933254219', 1559332542, 1559332542),
(20, 'Yroslav005@gmail.com', '0505055500', 'Ярослав', 'Клемешев', 'Днепр, ул. Гоголя, дом. 15, кв. 210', '', 140, '155933254620', 1559332546, 1559332546),
(21, 'Yroslav005@gmail.com', '0505055500', 'Ярослав', 'Клемешев', 'Днепр, ул. Гоголя, дом. 15, кв. 210', '', 140, '155933254721', 1559332547, 1559332547),
(22, 'Yroslav005@gmail.com', '0505055500', 'Ярослав', 'Клемешев', 'Днепр, ул. Гоголя, дом. 15, кв. 210', '', 140, '155933254722', 1559332547, 1559332547),
(23, 'Yroslav005@gmail.com', '0505055500', 'Ярослав', 'Клемешев', 'Днепр, ул. Гоголя, дом. 15, кв. 210', '', 140, '155933254823', 1559332548, 1559332548),
(24, 'Yroslav005@gmail.com', '0505055500', 'Ярослав', 'Клемешев', 'Днепр, ул. Гоголя, дом. 15, кв. 210', '', 140, '155933254824', 1559332548, 1559332548),
(25, 'Yroslav005@gmail.com', '0505055500', 'Ярослав', 'Клемешев', 'Днепр, ул. Гоголя, дом. 15, кв. 210', '', 140, '155933254825', 1559332548, 1559332548),
(26, 'Yroslav005@gmail.com', '0505055500', 'Ярослав', 'Клемешев', 'Днепр, ул. Гоголя, дом. 15, кв. 210', '', 140, '155933254826', 1559332548, 1559332548),
(27, 'Yroslav005@gmail.com', '0505055500', 'Ярослав', 'Клемешев', 'Днепр, ул. Гоголя, дом. 15, кв. 210', '', 140, '155933254827', 1559332548, 1559332548),
(28, 'Yroslav005@gmail.com', '0505055500', 'Ярослав', 'Клемешев', 'Днепр, ул. Гоголя, дом. 15, кв. 210', '', 140, '155933254828', 1559332548, 1559332548),
(29, 'Yroslav005@gmail.com', '0505055500', 'Ярослав', 'Клемешев', 'Днепр, ул. Гоголя, дом. 15, кв. 210', '', 140, '155933254829', 1559332548, 1559332549),
(30, 'Yroslav005@gmail.com', '0505055500', 'Ярослав', 'Клемешев', 'Днепр, ул. Гоголя, дом. 15, кв. 210', '', 140, '155933260130', 1559332601, 1559332601),
(31, 'Yroslav005@gmail.com', '0505055500', 'Ярослав', 'Клемешев', 'Днепр, ул. Гоголя, дом. 15, кв. 210', '', 140, '155933267831', 1559332678, 1559332678),
(32, 'Yroslav005@gmail.com', '0505055500', 'Ярослав', 'Клемешев', 'Днепр, ул. Гоголя, дом. 15, кв. 210', '', 40, '155933281032', 1559332810, 1559332810),
(33, 'Yroslav005@gmail.com', '0505055500', 'Ярослав', 'Клемешев', 'Днепр, ул. Гоголя, дом. 15, кв. 210', '', 40, '155933283033', 1559332830, 1559332830),
(34, 'Yroslav005@gmail.com', '0505055500', 'Ярослав', 'Клемешев', 'Днепр, ул. Гоголя, дом. 15, кв. 210', '', 40, '155933283134', 1559332831, 1559332831),
(35, 'Yroslav005@gmail.com', '0505055500', 'Ярослав', 'Клемешев', 'Днепр, ул. Гоголя, дом. 15, кв. 210', '', 40, '155933283135', 1559332831, 1559332831),
(36, 'Yroslav005@gmail.com', '0505055500', 'Ярослав', 'Клемешев', 'Днепр, ул. Гоголя, дом. 15, кв. 210', '', 40, '155933283136', 1559332831, 1559332831),
(37, 'Yroslav005@gmail.com', '0505055500', 'Ярослав', 'Клемешев', 'Днепр, ул. Гоголя, дом. 15, кв. 210', '', 40, '155933283137', 1559332831, 1559332831),
(38, 'Yroslav005@gmail.com', '0505055500', 'Ярослав', 'Клемешев', 'Днепр, ул. Гоголя, дом. 15, кв. 210', '', 40, '155933285138', 1559332851, 1559332851),
(39, 'Yroslav005@gmail.com', '0505055500', 'Ярослав', 'Клемешев', 'Днепр, ул. Гоголя, дом. 15, кв. 210', '', 40, '155933288539', 1559332885, 1559332885),
(40, 'Yroslav005@gmail.com', '0505055500', 'Ярослав', 'Клемешев', 'Днепр, ул. Гоголя, дом. 15, кв. 210', '', 40, '155933288640', 1559332886, 1559332886),
(41, 'Yroslav005@gmail.com', '0505055500', 'Ярослав', 'Клемешев', 'Днепр, ул. Гоголя, дом. 15, кв. 210', '', 40, '155933288641', 1559332886, 1559332886),
(42, 'Yroslav005@gmail.com', '0505055500', 'Ярослав', 'Клемешев', 'Днепр, ул. Гоголя, дом. 15, кв. 210', '', 40, '155933288642', 1559332886, 1559332886),
(43, 'Yroslav005@gmail.com', '0505055500', 'Ярослав', 'Клемешев', 'Днепр, ул. Гоголя, дом. 15, кв. 210', '', 40, '155933296243', 1559332962, 1559332962),
(44, 'Yroslav005@gmail.com', '0505055500', 'Ярослав', 'Клемешев', 'Днепр, ул. Гоголя, дом. 15, кв. 210', '', 40, '155933297544', 1559332975, 1559332975),
(45, 'Yroslav005@gmail.com', '0505055500', 'Ярослав', 'Клемешев', 'Днепр, ул. Гоголя, дом. 15, кв. 210', '', 40, '155933297545', 1559332975, 1559332975),
(46, 'Yroslav005@gmail.com', '0505055500', 'Ярослав', 'Клемешев', 'Днепр, ул. Гоголя, дом. 15, кв. 210', '', 40, '155933301146', 1559333011, 1559333011),
(47, 'Yroslav005@gmail.com', '0505055500', 'Ярослав', 'Клемешев', 'Днепр, ул. Гоголя, дом. 15, кв. 210', '', 40, '155933303547', 1559333035, 1559333035),
(48, 'Yroslav005@gmail.com', '0505055500', 'Ярослав', 'Клемешев', 'Днепр, ул. Гоголя, дом. 15, кв. 210', '', 40, '155933309648', 1559333096, 1559333096),
(49, 'Yroslav005@gmail.com', '0505055500', 'Ярослав', 'Клемешев', 'Днепр, ул. Гоголя, дом. 15, кв. 210', '', 40, '155933313149', 1559333131, 1559333131),
(50, 'Yroslav005@gmail.com', '0505055500', 'Ярослав', 'Клемешев', 'Днепр, ул. Гоголя, дом. 15, кв. 210', '', 15, '155941038450', 1559410384, 1559410384),
(51, 'Yroslav005@gmail.com', '0505055500', 'Ярослав', 'Клемешев', 'Днепр, ул. Гоголя, дом. 15, кв. 210', '', 20, '155949641051', 1559496410, 1559496410),
(52, 'Yroslav005@gmail.com', '0505055500', 'Ярослав', 'Клемешев', 'Днепр, ул. Гоголя, дом. 15, кв. 210', '', 75, '155949681652', 1559496816, 1559496816),
(53, 'Yroslav005@gmail.com', '0505055500', 'Ярослав', 'Клемешев', 'Днепр, ул. Гоголя, дом. 15, кв. 210', 'new_post', 50, '155954094353', 1559540943, 1559540943),
(54, 'Yroslav005@gmail.com', '0505055500', 'Ярослав', 'Клемешев', 'Днепр, ул. Гоголя, дом. 15, кв. 210', 'in-time', 32, '155954120154', 1559541201, 1559541201),
(57, 'Yroslav005@gmail.com', '0505055500', 'Ярослав', 'Клемешев', 'Днепр, ул. Гоголя, дом. 15, кв. 210', 'ukr_post', 75, '155954182657', 1559541826, 1559541826);

-- --------------------------------------------------------

--
-- Структура таблицы `product`
--

CREATE TABLE `product` (
  `id` int(10) NOT NULL,
  `category` varchar(150) NOT NULL,
  `name` varchar(255) NOT NULL,
  `price` int(255) NOT NULL,
  `image` varchar(255) NOT NULL,
  `short_description` varchar(255) NOT NULL,
  `description` text NOT NULL,
  `count` int(11) NOT NULL DEFAULT '1',
  `discount_status` varchar(10) DEFAULT 'false',
  `discount` int(10) NOT NULL DEFAULT '0',
  `status` int(10) NOT NULL DEFAULT '1',
  `created_at` int(255) NOT NULL,
  `updated_at` int(255) NOT NULL
) ENGINE=InnoDB DEFAULT CHARSET=utf8;

--
-- Дамп данных таблицы `product`
--

INSERT INTO `product` (`id`, `category`, `name`, `price`, `image`, `short_description`, `description`, `count`, `discount_status`, `discount`, `status`, `created_at`, `updated_at`) VALUES
(1, 'lamp', 'Лампа 1', 200, '1559372114.jpg', 'Очень хорошая Лампа', 'Очень хорошая ЛампаОчень хорошая ЛампаОчень хорошая ЛампаОчень хорошая ЛампаОчень хорошая ЛампаОчень хорошая ЛампаОчень хорошая ЛампаОчень хорошая Лампа\r\n\r\nОчень хорошая ЛампаОчень хорошая ЛампаОчень хорошая ЛампаОчень хорошая ЛампаОчень хорошая ЛампаОчень хорошая Лампа', 10, 'false', 0, 1, 0, 1559372114),
(2, 'lamp', 'Лампа 2', 15, '1559372137.jpg', 'Очень хорошая Лампа', 'Очень хорошая ЛампаОчень хорошая ЛампаОчень хорошая ЛампаОчень хорошая ЛампаОчень хорошая ЛампаОчень хорошая ЛампаОчень хорошая ЛампаОчень хорошая Лампа\r\n\r\nОчень хорошая ЛампаОчень хорошая ЛампаОчень хорошая ЛампаОчень хорошая ЛампаОчень хорошая ЛампаОчень хорошая Лампа', 10, 'true', 20, 1, 0, 1559372137),
(3, 'lamp', 'Лампа 3', 45, '1559372172.jpg', 'Очень хорошая Лампа', 'Очень хорошая ЛампаОчень хорошая ЛампаОчень хорошая ЛампаОчень хорошая ЛампаОчень хорошая ЛампаОчень хорошая ЛампаОчень хорошая ЛампаОчень хорошая Лампа\r\n\r\nОчень хорошая ЛампаОчень хорошая ЛампаОчень хорошая ЛампаОчень хорошая ЛампаОчень хорошая ЛампаОчень хорошая Лампа', 10, 'false', 0, 1, 0, 1559372172),
(4, 'lamp', 'Лампа 4', 15, '1559372180.jpg', 'Очень хорошая Лампа', 'Очень хорошая ЛампаОчень хорошая ЛампаОчень хорошая ЛампаОчень хорошая ЛампаОчень хорошая ЛампаОчень хорошая ЛампаОчень хорошая ЛампаОчень хорошая Лампа\r\n\r\nОчень хорошая ЛампаОчень хорошая ЛампаОчень хорошая ЛампаОчень хорошая ЛампаОчень хорошая ЛампаОчень хорошая Лампа', 10, 'false', 0, 0, 0, 1559372180),
(5, 'lustry', 'Люстра 1', 20, '1559372188.jpg', 'Очень хорошая Лампа', 'Очень хорошая ЛампаОчень хорошая ЛампаОчень хорошая ЛампаОчень хорошая ЛампаОчень хорошая ЛампаОчень хорошая ЛампаОчень хорошая ЛампаОчень хорошая Лампа\r\n\r\nОчень хорошая ЛампаОчень хорошая ЛампаОчень хорошая ЛампаОчень хорошая ЛампаОчень хорошая ЛампаОчень хорошая Лампа', 10, 'true', 25, 1, 0, 1559372188),
(6, 'lustry', 'Люстра 2', 11, '1559372194.jpg', 'Очень хорошая Лампа', 'Очень хорошая ЛампаОчень хорошая ЛампаОчень хорошая ЛампаОчень хорошая ЛампаОчень хорошая ЛампаОчень хорошая ЛампаОчень хорошая ЛампаОчень хорошая Лампа\r\n\r\nОчень хорошая ЛампаОчень хорошая ЛампаОчень хорошая ЛампаОчень хорошая ЛампаОчень хорошая ЛампаОчень хорошая Лампа', 10, 'false', 0, 0, 0, 1559372194),
(7, 'lustry', 'Люстра 3', 7, '1559372200.jpg', 'Очень хорошая Лампа', 'Очень хорошая ЛампаОчень хорошая ЛампаОчень хорошая ЛампаОчень хорошая ЛампаОчень хорошая ЛампаОчень хорошая ЛампаОчень хорошая ЛампаОчень хорошая Лампа\r\n\r\nОчень хорошая ЛампаОчень хорошая ЛампаОчень хорошая ЛампаОчень хорошая ЛампаОчень хорошая ЛампаОчень хорошая Лампа', 10, 'true', 15, 1, 0, 1559372200),
(8, 'lustry', 'Люстра 4', 3, '1559372209.jpg', 'Очень хорошая Лампа', 'Очень хорошая ЛампаОчень хорошая ЛампаОчень хорошая ЛампаОчень хорошая ЛампаОчень хорошая ЛампаОчень хорошая ЛампаОчень хорошая ЛампаОчень хорошая Лампа\r\n\r\nОчень хорошая ЛампаОчень хорошая ЛампаОчень хорошая ЛампаОчень хорошая ЛампаОчень хорошая ЛампаОчень хорошая Лампа', 10, 'true', 15, 1, 0, 1559372209),
(9, 'lamp', 'Лампа 5', 20, '1559372218.jpg', 'Очень хорошая Лампа', 'Очень хорошая ЛампаОчень хорошая ЛампаОчень хорошая ЛампаОчень хорошая ЛампаОчень хорошая ЛампаОчень хорошая ЛампаОчень хорошая ЛампаОчень хорошая Лампа\r\n\r\nОчень хорошая ЛампаОчень хорошая ЛампаОчень хорошая ЛампаОчень хорошая ЛампаОчень хорошая ЛампаОчень хорошая Лампа', 10, 'false', 0, 1, 0, 1559372218),
(10, 'lamp', 'Лампа 6', 15, '1559372224.jpg', 'Очень хорошая Лампа', 'Очень хорошая ЛампаОчень хорошая ЛампаОчень хорошая ЛампаОчень хорошая ЛампаОчень хорошая ЛампаОчень хорошая ЛампаОчень хорошая ЛампаОчень хорошая Лампа\r\n\r\nОчень хорошая ЛампаОчень хорошая ЛампаОчень хорошая ЛампаОчень хорошая ЛампаОчень хорошая ЛампаОчень хорошая Лампа', 10, 'false', 0, 0, 0, 1559372224),
(11, 'lamp', 'Лампа 7', 45, '1559372231.jpg', 'Очень хорошая Лампа', 'Очень хорошая ЛампаОчень хорошая ЛампаОчень хорошая ЛампаОчень хорошая ЛампаОчень хорошая ЛампаОчень хорошая ЛампаОчень хорошая ЛампаОчень хорошая Лампа\r\n\r\nОчень хорошая ЛампаОчень хорошая ЛампаОчень хорошая ЛампаОчень хорошая ЛампаОчень хорошая ЛампаОчень хорошая Лампа', 10, 'true', 20, 1, 0, 1559372231),
(12, 'lamp', 'Лампа 8', 15, '1559372236.jpg', 'Очень хорошая Лампа', 'Очень хорошая ЛампаОчень хорошая ЛампаОчень хорошая ЛампаОчень хорошая ЛампаОчень хорошая ЛампаОчень хорошая ЛампаОчень хорошая ЛампаОчень хорошая Лампа\r\n\r\nОчень хорошая ЛампаОчень хорошая ЛампаОчень хорошая ЛампаОчень хорошая ЛампаОчень хорошая ЛампаОчень хорошая Лампа', 10, 'false', 0, 1, 0, 1559372236),
(13, 'lustry', 'Люстра 5', 20, '1559372242.jpg', 'Очень хорошая Лампа', 'Очень хорошая ЛампаОчень хорошая ЛампаОчень хорошая ЛампаОчень хорошая ЛампаОчень хорошая ЛампаОчень хорошая ЛампаОчень хорошая ЛампаОчень хорошая Лампа\r\n\r\nОчень хорошая ЛампаОчень хорошая ЛампаОчень хорошая ЛампаОчень хорошая ЛампаОчень хорошая ЛампаОчень хорошая Лампа', 10, 'true', 25, 1, 0, 1559372242),
(14, 'lustry', 'Люстра 6', 11, '1559372248.jpg', 'Очень хорошая Лампа', 'Очень хорошая ЛампаОчень хорошая ЛампаОчень хорошая ЛампаОчень хорошая ЛампаОчень хорошая ЛампаОчень хорошая ЛампаОчень хорошая ЛампаОчень хорошая Лампа\r\n\r\nОчень хорошая ЛампаОчень хорошая ЛампаОчень хорошая ЛампаОчень хорошая ЛампаОчень хорошая ЛампаОчень хорошая Лампа', 10, 'true', 30, 1, 0, 1559372248),
(15, 'lustry', 'Люстра 7', 7, '1559399480.jpg', 'Очень хорошая Лампа', 'Очень хорошая ЛампаОчень хорошая ЛампаОчень хорошая ЛампаОчень хорошая ЛампаОчень хорошая ЛампаОчень хорошая ЛампаОчень хорошая ЛампаОчень хорошая Лампа\r\n\r\nОчень хорошая ЛампаОчень хорошая ЛампаОчень хорошая ЛампаОчень хорошая ЛампаОчень хорошая ЛампаОчень хорошая Лампа', 10, 'false', 0, 1, 0, 1559399480),
(16, 'lustry', 'Люстра 8', 3, '1559372253.jpg', 'Очень хорошая Лампа', 'Очень хорошая ЛампаОчень хорошая ЛампаОчень хорошая ЛампаОчень хорошая ЛампаОчень хорошая ЛампаОчень хорошая ЛампаОчень хорошая ЛампаОчень хорошая Лампа\r\n\r\nОчень хорошая ЛампаОчень хорошая ЛампаОчень хорошая ЛампаОчень хорошая ЛампаОчень хорошая ЛампаОчень хорошая Лампа', 10, 'true', 35, 1, 0, 1559372253),
(17, 'lustry', 'Люстра 9', 10, '1559372259.jpg', 'Очень хорошая Лампа', 'Очень хорошая ЛампаОчень хорошая ЛампаОчень хорошая ЛампаОчень хорошая ЛампаОчень хорошая ЛампаОчень хорошая ЛампаОчень хорошая ЛампаОчень хорошая Лампа\r\n\r\nОчень хорошая ЛампаОчень хорошая ЛампаОчень хорошая ЛампаОчень хорошая ЛампаОчень хорошая ЛампаОчень хорошая Лампа', 10, 'true', 10, 1, 0, 1559372259),
(18, 'test', 'test', 20, '1559372264.jpg', 'test', 'test', 3, 'true', 30, 1, 1558344091, 1559372264),
(19, 'test', 'test2', 20, '1559372270.jpg', 'test', 'test', 3, 'false', 0, 1, 1558344636, 1559372270);

-- --------------------------------------------------------

--
-- Структура таблицы `users`
--

CREATE TABLE `users` (
  `id` int(10) NOT NULL,
  `login` varchar(30) NOT NULL,
  `password` varchar(32) NOT NULL,
  `privilege` int(10) NOT NULL DEFAULT '1'
) ENGINE=InnoDB DEFAULT CHARSET=utf8;

--
-- Дамп данных таблицы `users`
--

INSERT INTO `users` (`id`, `login`, `password`, `privilege`) VALUES
(1, 'admin', '76cb3f595c613191cfb0e43d48cfe9a8', 10);

--
-- Индексы сохранённых таблиц
--

--
-- Индексы таблицы `cart`
--
ALTER TABLE `cart`
  ADD PRIMARY KEY (`id`),
  ADD KEY `order_number` (`order_number`);

--
-- Индексы таблицы `category`
--
ALTER TABLE `category`
  ADD PRIMARY KEY (`id`);

--
-- Индексы таблицы `order`
--
ALTER TABLE `order`
  ADD PRIMARY KEY (`id`),
  ADD KEY `order_number` (`order_number`);

--
-- Индексы таблицы `product`
--
ALTER TABLE `product`
  ADD PRIMARY KEY (`id`);

--
-- Индексы таблицы `users`
--
ALTER TABLE `users`
  ADD PRIMARY KEY (`id`);

--
-- AUTO_INCREMENT для сохранённых таблиц
--

--
-- AUTO_INCREMENT для таблицы `cart`
--
ALTER TABLE `cart`
  MODIFY `id` int(11) NOT NULL AUTO_INCREMENT, AUTO_INCREMENT=18;
--
-- AUTO_INCREMENT для таблицы `category`
--
ALTER TABLE `category`
  MODIFY `id` int(10) NOT NULL AUTO_INCREMENT, AUTO_INCREMENT=9;
--
-- AUTO_INCREMENT для таблицы `order`
--
ALTER TABLE `order`
  MODIFY `id` int(10) NOT NULL AUTO_INCREMENT, AUTO_INCREMENT=58;
--
-- AUTO_INCREMENT для таблицы `product`
--
ALTER TABLE `product`
  MODIFY `id` int(10) NOT NULL AUTO_INCREMENT, AUTO_INCREMENT=20;
--
-- AUTO_INCREMENT для таблицы `users`
--
ALTER TABLE `users`
  MODIFY `id` int(10) NOT NULL AUTO_INCREMENT, AUTO_INCREMENT=2;
/*!40101 SET CHARACTER_SET_CLIENT=@OLD_CHARACTER_SET_CLIENT */;
/*!40101 SET CHARACTER_SET_RESULTS=@OLD_CHARACTER_SET_RESULTS */;
/*!40101 SET COLLATION_CONNECTION=@OLD_COLLATION_CONNECTION */;
